{"cameraMode":{"drawMode":0,"name":"Shaded","section":"Shading Mode"},"sceneLighting":true,"audioPlay":false,"sceneViewState":{"m_AlwaysRefresh":false,"showFog":true,"showSkybox":true,"showFlares":true,"showImageEffects":true,"showParticleSystems":true,"showVisualEffectGraphs":true,"m_FxEnabled":true},"in2DMode":false,"pivot":{"x":10.659187316894532,"y":100.5094223022461,"z":15.379347801208496},"rotation":{"x":-0.0019263733411207796,"y":-0.9970032572746277,"z":0.07281027734279633,"w":-0.027262970805168153},"size":6.310413360595703,"orthographic":false}