{"cameraMode":{"drawMode":0,"name":"Shaded","section":"Shading Mode"},"sceneLighting":true,"audioPlay":false,"sceneViewState":{"m_AlwaysRefresh":false,"showFog":true,"showSkybox":true,"showFlares":true,"showImageEffects":true,"showParticleSystems":true,"showVisualEffectGraphs":true,"m_FxEnabled":true},"in2DMode":false,"pivot":{"x":489.67120361328127,"y":-128.23158264160157,"z":2.7114064693450929},"rotation":{"x":-0.05016825720667839,"y":-0.7013551592826843,"z":0.0494525320827961,"w":-0.7093827128410339},"size":133.13555908203126,"orthographic":false}