{"cameraMode":{"drawMode":0,"name":"Shaded","section":"Shading Mode"},"sceneLighting":true,"audioPlay":false,"sceneViewState":{"m_AlwaysRefresh":false,"showFog":true,"showSkybox":true,"showFlares":true,"showImageEffects":true,"showParticleSystems":true,"showVisualEffectGraphs":true,"m_FxEnabled":true},"in2DMode":false,"pivot":{"x":231.8973846435547,"y":-104.57247924804688,"z":-108.59951782226563},"rotation":{"x":-0.00828375481069088,"y":-0.9919586777687073,"z":0.08531340211629868,"w":-0.09413764625787735},"size":62.83582305908203,"orthographic":false}