{"cameraMode":{"drawMode":0,"name":"Shaded","section":"Shading Mode"},"sceneLighting":true,"audioPlay":false,"sceneViewState":{"m_AlwaysRefresh":false,"showFog":true,"showSkybox":true,"showFlares":true,"showImageEffects":true,"showParticleSystems":true,"showVisualEffectGraphs":true,"m_FxEnabled":true},"in2DMode":false,"pivot":{"x":-25.593360900878908,"y":-10.763774871826172,"z":0.08057570457458496},"rotation":{"x":0.18304525315761567,"y":-0.6889001727104187,"z":0.18640756607055665,"w":0.6761955618858337},"size":13.841350555419922,"orthographic":false}